id;rut;calle;numero_domicilio;id_comuna
1;15691590-K;Christopher Passage;3480;314
2;6610747-K;Stacy Well;4259;42
3;15965543-K;Christina Drive;408;52
4;6868158-0;Thomas Orchard;2459;799
5;16926142-0;Brown Prairie;2710;739
6;20201123-K;John Haven;4923;820
7;17013879-0;Steele Spring;1292;520
8;7104722-0;Tyler Stream;3833;430
9;18349945-0;Thomas Plaza;1370;581
10;9995785-0;Meghan Ridges;4627;480
11;19217207-0;Mclaughlin Center;4604;753
12;13061981-K;Theresa Crossing;3770;155
13;9057860-K;Brenda Route;1358;73
14;14804815-0;Mahoney Street;1237;868
15;12105064-0;Morgan Drive;4135;384
16;6581420-K;Katrina Unions;367;28
17;15536558-0;Welch Road;24;226
18;13420958-0;Conley Ford;246;914
19;8495074-0;Deleon Lodge;3989;283
20;14918857-0;Silva Circles;3812;288
21;12477090-0;Juarez Parkways;408;510
22;14789559-0;Melissa Harbor;2426;303
23;17122133-K;Juan Springs;1190;751
24;12052935-K;James Centers;4445;442
25;8514876-0;Jennifer Place;724;725
26;20280064-0;Meghan Heights;3405;262
27;16073402-0;Louis Street;1282;132
28;14129569-K;Kelsey Manors;3992;878
29;15036338-0;Barr Point;3271;902
30;20332879-0;Sparks Knoll;499;874
31;12018947-0;Jennifer Locks;1333;776
32;11960852-0;Christopher Unions;1401;238
33;17951451-K;Walker Run;3331;209
34;11077805-K;Jacob Freeway;480;346
35;16177227-0;Monique Falls;615;674
36;9329075-K;Jose Inlet;2963;393
37;16040676-K;Thomas Squares;3412;777
38;20727737-K;Emily Viaduct;2814;556
39;8170360-0;Johnson Vista;2340;202
40;12154371-K;Campbell Viaduct;3561;729
41;11686936-0;Madeline Expressway;3482;610
42;13928491-0;Dale Rapids;3309;762
43;18320490-K;Sherry Ports;33;688
44;10113234-K;Amanda Divide;3257;66
45;15959667-K;Kelly Locks;4694;785
46;20492898-0;Arthur Springs;3524;918
47;14423276-0;Lawrence Prairie;448;431
48;6417816-K;Beverly Ranch;3304;629
49;17564247-0;Richardson Branch;284;154
50;7158194-K;Brooke Mission;1442;246
51;20775314-K;Denise Keys;1424;62
52;14211130-0;Curtis Light;1564;660
53;10940330-K;Lisa Course;1036;374
54;11137232-K;Gomez Club;349;790
55;13039487-K;Stone Turnpike;1748;883
56;7740063-0;Anderson Track;1063;582
57;5642002-0;Ruben Land;3143;92
58;10026086-K;Heidi Port;1131;551
59;6090010-0;Williams Viaduct;1223;542
60;6818031-0;Wilson Ports;4240;49
61;18059431-K;Singh Harbors;1123;727
62;20383479-0;Schwartz Underpass;2610;15
63;19912091-K;Beverly Ridges;2830;408
64;19771464-0;Romero Causeway;2369;50
65;17916646-K;Jennifer Glens;3020;296
66;10540240-K;Jeremy Tunnel;3194;529
67;18766384-0;Ayers Valleys;1673;884
68;14143237-K;Johnson Union;375;885
69;19447071-0;Kelly Divide;2733;478
70;9423308-K;Jerry Corners;4163;499
71;8079950-K;Thompson Stream;449;193
72;18145839-K;Miller Overpass;1868;196
73;19628775-0;Mcgrath Burg;4333;236
74;17482821-0;Robert Bridge;2802;858
75;6919119-K;Morris Mountains;2345;971
76;20486106-K;Pitts Hills;1190;199
77;5621715-K;Phillips Mills;4255;927
78;8182591-0;Sherman Stravenue;4849;833
79;12496322-K;Jessica Viaduct;2839;278
80;7720151-0;Kyle Route;1931;406
81;14472975-K;Buchanan Island;2017;503
82;11384022-0;Williams Hollow;2727;507
83;18812927-0;Lewis Ferry;23;622
84;13970501-K;Hicks Tunnel;3087;294
85;9728670-0;Luna Ville;4246;732
86;12502346-0;Wesley Road;308;323
87;16648926-0;Webb Parkway;4188;36
88;12771665-0;Lucas Flats;115;946
89;11030040-K;Solis Isle;569;205
90;10954601-0;Desiree Cliffs;1580;693
91;5044404-0;Patrick Forges;2079;335
92;18608327-0;Hughes Orchard;4036;789
93;11173476-K;Poole Fall;2585;879
94;12569883-0;Anthony Canyon;3333;96
95;6595036-K;James Turnpike;3313;933
96;8583709-K;Gutierrez Center;3068;524
97;10394742-0;Schneider Villages;477;126
98;11143947-K;Simmons Club;3287;824
99;17206413-0;Katherine Lake;307;451
100;5581934-K;Doris Isle;1780;271
101;19307103-K;Bowers Points;1497;723
102;11889582-0;Bryce Summit;697;127
103;16146841-K;Toni Forges;4635;466
104;14288104-K;Mark Summit;1549;239
105;6225725-K;Blake Port;205;649
106;16278304-0;Lindsey Creek;1977;592
107;19498140-K;Patrick Corners;1670;672
108;12629673-K;Katie Stravenue;4289;877
109;15066257-K;Jose Mews;469;484
110;18190387-K;Holt Brooks;614;811
111;15656527-K;Matthew Crest;2158;331
112;20592600-K;Christopher Flat;2187;966
113;18784912-K;Cameron Trafficway;1291;640
114;19638688-K;Hernandez Path;160;432
115;12356368-0;Hannah Union;173;956
116;11512786-K;Nelson Haven;2304;428
117;10573036-0;Jennifer Place;354;549
118;18009833-0;Andrea Locks;3367;486
119;18865052-0;Kevin Land;2466;281
120;19970761-0;Cobb Roads;1704;348
121;18353968-0;Cooper Station;2171;412
122;20878564-0;Smith Island;4828;775
123;13532177-0;Emma Pines;3115;645
124;16098950-0;Guerrero Track;2088;287
125;5314073-0;Kristina Point;670;179
126;9552175-K;Rodriguez Bridge;387;371
127;16094648-0;Bruce Orchard;4945;448
128;12296488-K;Ashley Pines;1093;625
129;18351899-K;Young Valleys;1503;513
130;11303460-0;Henson Junctions;36;171
131;11659141-0;Kathleen Mountains;1955;682
132;16938301-0;Jessica Cove;2582;38
133;6828979-K;Wall Plain;4959;700
134;20392913-K;Keith Views;563;731
135;17324234-K;Kirk Crest;1597;75
136;16170887-K;Edward Trail;3107;225
137;19796395-K;Wendy Mission;4763;103
138;11682802-K;Trujillo Rapids;2278;641
139;9424093-0;Cassandra Locks;4387;11
140;9990652-K;Franco Manor;3980;807
141;7343544-K;Brittany Cliffs;348;562
142;20987274-K;Mary View;4399;893
143;15595287-K;Smith Trail;3820;910
144;16282867-K;Vincent Port;4847;149
145;17806365-0;Welch Walks;3169;116
146;7073044-0;Shawn Squares;5;754
147;20848738-K;Kelley Drives;2883;443
148;11359675-K;Julie Island;2823;349
149;12966917-K;Allison Crescent;3400;519
150;20381980-K;Gallegos Flat;450;905
151;6277898-0;Cody Fields;1050;594
152;12479773-K;Smith Flat;1431;493
153;8685389-0;Peter Centers;4958;804
154;18227695-K;Dennis Vista;1818;327
155;18217075-K;Bryan Vista;1283;626
156;18825699-K;Robinson Drive;1464;153
157;16950439-K;Deborah Ramp;2035;6
158;20445859-K;John Oval;3132;9
159;18616553-K;Stone Streets;3568;887
160;15634752-0;Schmidt Skyway;3833;213
161;20112615-K;Joseph Highway;3558;982
162;10746768-K;Nicholas Valleys;3460;596
163;15572624-K;Amy Fords;3591;544
164;14711640-0;Dominique Path;3697;888
165;19878800-K;Tara Harbors;450;113
166;20878293-0;Andrea Stream;3184;998
167;17923663-0;Kevin Plain;1786;30
168;10867219-0;Ayala Passage;1934;285
169;8339908-0;Robert Pines;558;872
170;18480065-0;Patel Station;2704;19
171;15037408-0;Wright Plains;4765;395
172;18419024-K;Lisa Mount;1913;541
173;7931918-0;Riggs Locks;2789;235
174;18897077-0;Lisa Oval;919;557
175;11574169-0;Suzanne Isle;459;490
176;16313085-K;Chelsey Highway;1804;931
177;13245017-K;Michael Passage;2266;165
178;10180750-0;Richardson Avenue;1008;984
179;8641177-K;Kelly Meadow;1825;773
180;8581755-0;Matthew Isle;3716;204
181;20978675-K;Carl Station;2347;600
182;7642795-0;Brown Extension;1718;55
183;7777669-K;Michael Gardens;3105;663
184;14260346-0;Angela Street;3668;579
185;9317845-0;Jesus Overpass;4724;670
186;8754627-K;Brown Drives;987;980
187;18644262-0;Stephen Forest;2331;780
188;6419941-K;Williams Spurs;80;768
189;16573418-K;Julie Wall;2903;559
190;6667706-K;Johnson Burg;945;637
191;10747239-K;Robert Turnpike;3115;3
192;14913903-0;Teresa Grove;1777;821
193;7560653-K;Jones Vista;2754;162
194;18701515-K;Gray Street;2133;716
195;8618204-0;Taylor Junction;683;786
196;15238864-0;Young Plaza;2184;333
197;7997474-0;Bryant Turnpike;1086;567
198;19096012-0;Vargas Ville;587;411
199;13565849-0;White Trail;658;509
200;9253458-K;Kimberly Lakes;3127;699
201;7172456-K;David Fields;4721;742
202;16126643-0;Cox Valleys;4386;508
203;19826184-K;Taylor Flats;3243;117
204;16865566-0;Powell Mission;380;212
205;7483594-K;Michael Shores;2739;377
206;8110243-K;Weaver Forest;2386;595
207;17386897-K;Lisa Rue;1057;368
208;8650552-0;Anderson Circle;1987;237
209;16978048-0;Timothy Meadows;799;603
210;17962399-0;Andrea Alley;2119;863
211;5554941-0;Jacob Mews;2999;122
212;12746185-0;Richard Turnpike;3403;926
213;15430016-0;Bell Valleys;3601;952
214;16094727-0;Harrington Walks;4429;414
215;9488850-K;Debra Lights;2666;937
216;10090523-0;Jessica Isle;2495;919
217;14161507-K;Curtis Hollow;43;899
218;10157316-0;Martinez Street;596;900
219;20176597-0;Conner Cliff;81;188
220;16088394-K;Kelli Walks;3986;417
221;9310549-K;Owens Square;3947;573
222;5077998-0;Castillo Club;603;80
223;10587641-K;Angela Isle;2302;627
224;20087284-K;Brandon Ferry;3910;306
225;20814022-0;David Burgs;2936;134
226;5978538-0;Erik Plain;4829;621
227;18890099-0;Sarah Track;1074;356
228;8494814-K;Campbell Forks;2645;525
229;5060058-K;Reed Turnpike;3764;463
230;19089517-0;Ronnie Corners;4260;360
231;9505276-0;John Track;1613;955
232;14170375-K;Jackson Prairie;578;612
233;7317776-K;Hart Valley;2490;666
234;9885122-K;Williams Common;1665;652
235;5444888-K;Jacob Falls;4045;210
236;9042757-K;Edwards Well;2212;332
237;13913935-K;Valdez Turnpike;1464;981
238;10235463-0;Elizabeth Underpass;4268;260
239;6003996-0;Michael Path;1578;553
240;8043173-K;Palmer Court;1301;56
241;10148677-0;Suzanne Meadow;4787;997
242;11748631-0;Christian Plains;3231;958
243;9779187-K;Hays Extensions;3203;651
244;10753666-K;Chaney Loaf;429;548
245;9994256-0;Jacobson Points;2624;136
246;18258782-K;Clark Stream;4283;373
247;12160108-0;Nixon Green;2017;222
248;18066786-K;Mckenzie Land;2565;891
249;7627715-K;Mckinney Cliff;1800;24
250;10535551-0;Stewart Cove;1519;129
251;20384893-K;Gonzalez Village;3810;57
252;9300134-0;Ortiz Extensions;2480;434
253;10115553-K;Cameron Grove;1875;143
254;19487349-0;Robert Extension;1791;677
255;10100963-K;John Radial;3182;166
256;14314369-K;Crawford Loaf;1247;602
257;13718375-0;Hill Manors;3664;328
258;17692463-K;Gordon Drive;535;932
259;10401538-K;Phillips Hollow;4690;881
260;13280391-0;Andrea Rapid;1878;583
261;20084726-0;Brian Canyon;1122;846
262;20897588-K;Amy Flat;2444;110
263;19153611-K;Robles Key;4955;334
264;15424151-0;Elizabeth Trail;3143;845
265;8698301-K;Ryan Stravenue;476;875
266;11669665-K;Wang Unions;3866;605
267;6902373-K;Casey Inlet;760;741
268;12402979-0;Debra Brook;3491;854
269;10627888-0;Connor Coves;2687;355
270;9327576-K;Booth Street;3200;26
271;14350127-0;Jenkins Squares;2334;54
272;16863581-K;William Point;2707;240
273;20923887-0;Sanchez Drive;4909;364
274;19342869-K;Caitlin Parkway;3889;515
275;12327422-0;James Dam;4528;485
276;16928805-0;Cross Mountains;602;440
277;8478018-0;Julie Key;121;197
278;16091601-0;Taylor Ford;2969;170
279;10872348-K;Washington Forge;3473;570
280;19758837-0;Melissa Neck;3344;77
281;8571724-0;Jake Haven;3957;779
282;15097779-0;Brandy Squares;2593;300
283;12240956-0;Hart Pass;4970;68
284;6840389-K;Reed Squares;2096;422
285;14566369-K;Mcgee Bridge;2343;248
286;5328830-0;Stephanie Squares;4965;282
287;20145012-K;April Plaza;3362;242
288;16892469-0;Cody Stravenue;1182;992
289;10468496-K;Johnson Lights;3743;783
290;18294129-K;Gabriel Track;2261;119
291;17819538-K;Monica Mills;217;928
292;16365165-K;Paul Pass;4179;44
293;11384407-K;Lewis Road;2513;794
294;8505507-K;Madden Pines;3179;345
295;11398263-0;Petersen Cove;3461;425
296;13504328-K;Guzman Stravenue;2559;12
297;18317431-0;Shannon Groves;4102;708
298;10980903-0;Andrew Drive;658;748
299;16919713-K;Adams Fall;2958;748
300;8741621-0;Moss Canyon;1159;892
301;17289405-K;Stuart Mountain;2322;462
302;5729384-0;Bradley Oval;1837;834
303;15549206-K;Rachel Lodge;525;298
304;8642591-K;Cathy Turnpike;4822;942
305;15675946-K;Jose Spurs;4863;292
306;8380798-0;Smith Gardens;3661;873
307;9552996-0;Stephanie Crest;3871;20
308;10480523-0;Sanchez Ports;2921;744
309;6173057-0;Dustin Well;2181;386
310;8363041-K;Jennifer Brook;437;962
311;7917353-0;Perez Springs;4664;713
312;17953250-0;Burns Flat;4701;852
313;6989227-K;Richard Groves;2804;979
314;9201244-K;Scott Viaduct;4169;343
315;5669139-K;Brett Lights;2457;505
316;11635104-K;Johnston Roads;3841;137
317;12936103-0;Copeland Manor;87;585
318;9804726-K;Middleton Pike;710;45
319;5645298-K;Kathryn Courts;4153;280
320;14043620-K;French Row;4462;445
321;16474827-K;Kayla Glens;4431;759
322;17967029-K;Welch Knoll;1034;829
323;14739115-0;Sellers Glen;2152;954
324;11989190-K;Johns Ports;3387;961
325;8892931-0;Aguilar Meadows;2865;47
326;16610100-0;Martin Camp;1829;121
327;10709988-0;William Circle;2798;550
328;17897542-0;Tracy Alley;1495;959
329;19107096-K;Tiffany Common;3016;441
330;9308029-0;Leach Ways;1477;798
331;12828659-0;Matthew Knolls;931;244
332;6599890-0;Alex Dam;4510;665
333;15661529-0;Fernandez Islands;3167;705
334;19076703-K;Mark Plaza;3050;465
335;12116959-0;Courtney Roads;4818;358
336;11353768-0;Robert Oval;52;446
337;8245498-0;Eric Port;4914;421
338;8199021-0;Sara Wall;1491;720
339;13921757-0;Karen Drives;3882;190
340;13260864-K;Andre Rue;2621;537
341;11325006-K;Jenna Key;2222;989
342;19788664-0;Weaver Oval;3896;650
343;8949639-0;Makayla Pine;3943;635
344;19373768-0;Matthew Streets;2641;580
345;9837823-0;James Wall;782;302
346;20236806-0;Megan Crescent;728;172
347;18845050-K;Cynthia Summit;3616;589
348;9731318-0;Jackson Road;4204;538
349;12903158-0;Lowe Wall;3196;765
350;18139599-0;Timothy Key;2411;618
351;20995927-0;Calhoun Garden;1255;601
352;18456479-0;Michelle Plaza;1745;399
353;15556896-K;Parsons Mission;4585;198
354;20897646-0;Williams Mount;4661;1
355;15262886-K;Kim Plains;1034;459
356;18207287-0;Alexandra Underpass;1489;934
357;9615045-0;Adams Rapids;1149;78
358;12484770-K;Williams Meadows;3322;410
359;6961482-0;Garrett Squares;769;180
360;18490509-K;Hayes Wells;4280;133
361;9433958-0;Miller Green;3785;125
362;12670635-K;April Square;1580;734
363;9491029-0;Emily Divide;4600;342
364;12130534-K;Dorothy Harbor;548;575
365;20652468-K;Griffin Unions;2760;817
366;13074280-0;Jeffrey Court;1904;418
367;9791312-K;Melvin Bridge;940;25
368;16339467-K;James Walks;3092;915
369;17294724-K;Bennett Park;1857;460
370;11527022-K;Morales Harbors;565;307
371;9338405-0;Tammy Way;2486;758
372;7058280-0;Cole Knoll;4360;337
373;19607124-K;Douglas Mission;2963;696
374;17517589-0;Donald Springs;429;698
375;8751828-K;Jackson Station;3660;400
376;9096870-0;Christie Lodge;380;419
377;6613894-0;Duffy Extensions;2153;308
378;17863033-0;John Wells;2107;853
379;20565919-K;Anthony Parkway;2376;375
380;20809660-K;Cole Roads;1298;245
381;16521508-0;Richardson Pine;319;787
382;7273776-K;Matthews Squares;1270;487
383;5954206-0;John Cliffs;4054;310
384;12988310-K;Jordan Branch;993;390
385;8893671-0;Hutchinson Walk;1965;988
386;14190260-K;Daniel Summit;1474;646
387;9463729-K;Jason Parks;3563;835
388;10280850-K;Molly Parks;675;967
389;13930351-0;Jessica Ville;474;901
390;20401432-K;Meza Throughway;385;420
391;10460130-0;Alyssa Park;2809;788
392;15737271-K;Sara Parkway;4786;195
393;10096513-K;George Drive;247;680
394;10560971-0;Grant Key;863;145
395;18021254-K;Cody Glens;2894;782
396;12561343-0;Edwards Throughway;1850;39
397;12417299-0;Santiago Locks;3248;566
398;16934117-K;Flowers Motorway;1176;189
399;20279498-0;Andrew Hill;2216;689
400;17663639-0;Trevino Meadow;2115;220
401;5311419-K;Gonzalez Springs;2808;565
402;8501504-0;King Square;1595;947
403;20781508-K;Maynard Pines;1117;809
404;5164984-0;Skinner Junction;2324;628
405;6440894-K;Stephen Shoals;1034;870
406;18157479-K;Duncan River;2146;960
407;9081376-K;Jacob Manor;2491;297
408;18724973-0;Turner Islands;2472;450
409;5485906-K;Anthony Bypass;134;263
410;13221702-0;Marcus Heights;2550;109
411;6662108-K;Freeman Spurs;1645;808
412;6684973-K;Lisa Avenue;4276;169
413;11774263-K;Amy Causeway;1981;315
414;20866851-0;Smith Key;2418;983
415;16096198-K;Wilson Islands;3448;351
416;6379881-0;Raymond Extension;2446;711
417;6015326-K;Anderson Crescent;3733;690
418;14080989-0;Valdez Land;4168;837
419;14038353-0;Patel Points;2548;964
420;18449445-0;Munoz Summit;2388;965
421;7346347-0;Jones Course;2058;968
422;9275288-K;Bryan Hills;2046;623
423;19717129-0;Helen Bridge;4242;907
424;19893986-K;Elizabeth Haven;1957;65
425;20735979-0;Rebekah Station;2931;913
426;15890739-0;Aguirre Pike;50;89
427;5816055-0;Raymond Circles;1851;261
428;16950922-0;Randy Lakes;2385;72
429;9637956-K;Elizabeth Villages;3127;514
430;12604087-K;Daniel Landing;2337;290
431;9497325-K;Cain Junctions;260;856
432;10131098-K;Smith Spur;3032;838
433;14524038-K;Alexander Mills;119;404
434;19184137-0;Javier Points;2099;295
435;5141975-0;William Overpass;2879;144
436;6180311-0;Erin Plain;3636;51
437;9438687-0;Desiree Stravenue;4246;457
438;15599790-0;Megan Freeway;4621;719
439;12591592-0;Deanna Ranch;1181;936
440;6210344-0;Melinda Club;120;593
441;18889678-K;Kyle Fork;471;867
442;9369930-0;Edwards Garden;4960;192
443;14746039-K;Price Passage;4402;105
444;7773915-K;Donna Extension;4838;620
445;13164996-0;Ryan Light;3410;90
446;13938250-K;Daniel Walk;1689;598
447;10744577-K;Misty Meadows;1257;871
448;8128742-K;Reyes Square;2746;123
449;16047559-0;Brandy Coves;134;115
450;16655675-K;Natasha Bypass;2701;685
451;9155908-K;Michael Parkways;4433;27
452;19667440-0;Smith Inlet;139;669
453;5387543-K;Martha Mountain;3010;183
454;16020707-K;Hernandez Courts;4584;531
455;15579192-K;Julie Mall;2214;93
456;9260399-0;Danielle Meadow;1025;138
457;20671223-0;Stephens Mill;2258;830
458;10876096-K;Joseph Points;1327;407
459;10269361-K;Johnson Prairie;4219;396
460;13022151-K;Jacobs Heights;4601;860
461;5804911-K;Brian Forge;4680;301
462;5543734-0;Young Mill;4508;187
463;11285035-K;Johnson Junction;2540;18
464;8386513-0;Ashley Tunnel;1559;862
465;16519074-K;Michele Expressway;569;606
466;20769424-K;Mark Crescent;94;617
467;5647480-K;Cox Shore;1857;630
468;10385081-K;Kelly Place;2950;350
469;13856677-K;Jennifer Wall;1132;709
470;16835876-0;Malik Fields;3220;970
471;6256626-K;Sarah Walk;4828;969
472;11614905-K;Stevenson Island;4135;98
473;15650188-K;Martin Junctions;549;611
474;14189488-0;Burnett Plains;3612;683
475;8063286-K;Mary Fork;2635;58
476;14755340-0;Anderson Prairie;4147;16
477;6683542-0;Dustin Expressway;4063;31
478;20433307-K;Mark Shore;634;760
479;5101433-K;Christopher Place;1951;120
480;9627234-K;Gamble Forks;1563;472
481;14851852-K;Bailey Green;3589;37
482;8220891-K;Johnson Prairie;1413;976
483;5578151-0;Jenna Skyway;340;494
484;17915955-0;Bradley Wall;4957;648
485;10567299-0;Emily Terrace;4644;471
486;5447011-K;Allison Ridges;609;643
487;14534171-K;Nicole Shore;2158;816
488;20076281-0;Wanda Locks;4981;41
489;20500783-0;Dale Glen;1879;186
490;7164981-K;Hess Trail;819;173
491;6964759-0;Pittman Estates;649;616
492;16847175-K;Jacqueline Manor;1295;655
493;15719865-0;Theresa Fork;1679;372
494;13824620-K;Julia Shore;4609;320
495;6312810-0;Patel Wall;4650;502
496;20131614-0;Russell Mill;4135;124
497;11876093-0;Dean Row;897;532
498;9658123-K;Townsend Wall;3494;83
499;10333744-0;Travis Mountains;3872;35
500;11289875-K;Tracy Light;120;318
501;12820756-K;Sarah Ford;63;252
502;8726272-K;Rebecca Land;3684;718
503;16938860-K;Edwards Viaduct;1542;277
504;5693347-K;Griffin Vista;742;668
505;11352013-K;Brown Way;666;214
506;6045327-0;Cheryl Station;3861;540
507;15757806-0;Patton Plains;3338;740
508;8966649-0;Oscar Spurs;4365;258
509;19407336-0;Rebecca Village;4949;321
510;11590210-0;Kathleen Burg;3154;986
511;20874704-0;Karen Lodge;1378;831
512;7962115-0;Wilkins Lane;4186;819
513;19601115-K;Holly Hills;1159;586
514;14798245-0;Cruz Common;2367;822
515;12419000-0;Anthony View;2832;468
516;10051269-K;Diamond Walk;1057;604
517;7191838-0;Stevens Route;3442;599
518;18741075-0;Wright Plains;4824;194
519;20754414-0;Harper Mountains;1408;433
520;13016210-K;Kelly Curve;961;67
521;15777983-K;Rodriguez Square;2094;632
522;10918602-0;Baxter Tunnel;1499;241
523;5384851-K;Cassandra Branch;871;291
524;17416348-0;Abbott Light;4417;684
525;13297504-K;Rodney Ville;2539;695
526;12979023-0;Rebecca Mission;2154;714
527;6382831-K;Kenneth Views;4686;813
528;5912169-K;Huff River;3154;675
529;9369103-K;Jose Mall;4927;84
530;16736348-K;Foster Course;974;378
531;16614538-0;Marissa Underpass;2668;865
532;16784257-0;Sandoval Street;2145;840
533;9022668-0;Silva Course;3410;978
534;9873602-K;Shaffer Alley;2707;897
535;10647108-0;Phyllis Greens;4003;147
536;14869985-0;Douglas Loaf;2674;71
537;14815038-0;David Walk;4119;40
538;7885851-K;Lauren Knoll;4996;135
539;12039086-0;Kyle Mountains;3379;476
540;17488036-0;Justin Bypass;2743;228
541;17466453-K;Zachary Turnpike;3319;464
542;11503467-K;Kristen Prairie;2276;159
543;8857271-0;Nicole Extension;3567;338
544;16795138-0;Lydia Walk;1886;59
545;14104192-K;Martinez Keys;4936;489
546;12185610-K;Warren Pine;3535;203
547;7683267-K;Harvey Hills;4957;340
548;15898749-0;Hamilton Villages;4139;558
549;6744612-K;Earl Shoals;4912;526
550;5897252-K;Catherine Underpass;2823;963
551;13819304-0;Jonathan Villages;390;322
552;10905542-0;Avila Loop;1426;416
553;13882651-0;Pearson Harbors;548;492
554;17380574-0;Andre Meadows;1980;770
555;17753089-K;Sawyer Ville;1303;728
556;15147667-K;Thompson Throughway;1815;108
557;15793063-0;Wilson Summit;4394;436
558;19109367-0;Michael Ridges;1888;326
559;18625715-0;Anderson Island;4318;2
560;15395055-K;Mills Fort;2954;234
561;13604417-0;Sandra Park;257;922
562;13358190-K;David Avenue;297;576
563;19927223-0;Glen Circle;228;707
564;12338885-0;Virginia Manor;3574;597
565;20511020-K;William Radial;1451;943
566;10415476-0;Martinez Path;4360;319
567;12694988-0;Cooper Circles;4420;477
568;5560787-0;Drew Locks;3734;184
569;17511453-0;Jackson Haven;3443;951
570;17585169-K;Oliver Spring;1453;74
571;12822824-0;Mccarthy Greens;1612;607
572;9013368-K;Kyle Points;3211;370
573;7746374-0;Stewart Mountain;1613;79
574;17382262-K;Black Streets;2464;34
575;15998322-K;Abigail Parks;4830;644
576;17086384-K;Jasmin Glen;2467;218
577;13986778-K;Smith Greens;2599;217
578;5505453-K;Bonnie Manor;4012;886
579;17010112-K;Glass Stravenue;4952;389
580;7661853-K;Orozco Route;4029;929
581;9157331-K;Hernandez Square;4694;185
582;13792617-0;Bartlett Key;4900;569
583;18751566-K;Rivera Rest;3182;812
584;5943796-K;Matthew Walk;3503;722
585;9312681-K;Zachary Roads;3912;483
586;13212078-K;Brittany Land;4764;481
587;7699979-K;Macdonald Crest;2324;269
588;18261986-0;Ayala Common;730;82
589;5691727-0;Brown Pine;963;427
590;14473392-0;Laura Orchard;4003;784
591;9141228-0;Christopher Park;4570;456
592;11952525-K;Massey Turnpike;2798;939
593;6631899-0;Morrow Unions;607;560
594;7680319-K;Perez Forks;3425;501
595;6556729-0;Robles Mount;4810;941
596;13998661-K;Patricia Locks;2020;757
597;12767393-0;Perkins Village;4379;654
598;8719666-K;Valerie Ways;3844;662
599;5671492-0;Robin Square;4073;293
600;15811844-K;Morrison Drives;3976;46
601;18062896-K;Martinez Crossing;1383;94
602;15756297-K;Vance Ridge;2586;81
603;9423004-K;Melinda Alley;1786;381
604;9964472-0;William Ferry;1355;231
605;14710178-0;Dustin Isle;2223;793
606;19174857-0;Melinda Harbors;3504;857
607;12821653-K;Evans Pike;64;924
608;10375147-K;Johnny View;191;545
609;16776200-0;Roberts Meadows;2125;855
610;15661869-0;Riley Unions;3734;568
611;7584497-K;Harvey Isle;45;539
612;10155765-K;Davis Villages;1138;70
613;18144373-K;Banks Run;3847;518
614;11318708-K;Donald Shores;665;376
615;15579548-K;Sherman Field;1441;341
616;11267368-0;Myers Unions;1398;264
617;6041851-K;Cox Estates;2243;866
618;19308463-0;Johnson Estates;2003;533
619;18417493-K;Shawn Tunnel;1020;767
620;9696240-K;Hancock Lakes;4645;746
621;18383737-K;Rodriguez Bridge;284;673
622;17065375-0;Michael Viaduct;2225;763
623;16053247-K;Hatfield Lights;4733;795
624;16589461-K;Matthew Lake;1599;289
625;12606455-0;April Island;4125;761
626;19991284-0;Tyler Haven;4689;164
627;10951212-0;Brad Centers;2318;805
628;7321566-K;Bauer Neck;3895;536
629;15962388-0;Reid Freeway;946;272
630;17672927-K;Scott Glen;2542;721
631;10802766-0;Zachary Meadows;1376;679
632;14076664-0;Maxwell Skyway;3414;118
633;14719328-0;Hill Pike;2243;366
634;16690550-0;Robert Plain;557;911
635;18454523-0;Clay Port;102;174
636;16022460-0;Sanders Turnpike;3411;543
637;5755565-0;Angela Path;4553;409
638;13159931-K;John Lock;4377;255
639;10757193-0;Jackson Inlet;1730;555
640;20917233-0;Smith Lane;3022;367
641;17122874-K;Cox Squares;1472;818
642;17707280-K;Campbell Island;667;647
643;5951201-0;Hendricks Estates;1795;429
644;14129199-K;Dixon Coves;571;577
645;17455042-0;Katherine Overpass;4417;995
646;15499690-0;Benjamin Crescent;4057;750
647;5403050-K;Bartlett Estates;3460;482
648;20519192-K;Dustin Forge;355;13
649;10035392-K;Lopez Mill;1731;908
650;16060530-0;Melissa Cliffs;2577;247
651;13164149-K;Gonzalez Rest;2459;365
652;18155627-0;David Village;2853;363
653;18521969-0;Hogan Stream;3309;361
654;5642741-K;Bowers Inlet;3426;398
655;9314089-K;Luis Curve;567;671
656;16720636-0;Wallace Locks;421;8
657;19856639-K;Johnson Radial;2249;99
658;20093295-0;Williams Drive;3271;330
659;6953914-0;Gregory Fall;4175;738
660;13682166-0;Marvin Ferry;2200;944
661;5718635-K;Lisa Light;430;276
662;20986753-0;Dixon Knolls;3851;221
663;13086109-0;Miles Shoals;4351;530
664;9748568-0;Shelton Circles;3164;624
665;20084940-0;Pace Row;2426;461
666;18327588-0;Jason Oval;1315;273
667;9970804-K;Cory Street;1992;781
668;18218745-K;Benjamin Inlet;1341;639
669;5029957-K;Beasley Skyway;265;903
670;9721949-K;Vanessa Crescent;3633;749
671;14790604-0;Mendez Islands;4618;800
672;15023559-K;Harris Manor;698;546
673;6973708-K;Walker Prairie;297;316
674;6191844-K;Julia Junction;2506;257
675;20320328-0;Jordan Coves;780;516
676;9633003-0;Andrew Meadows;3784;747
677;19406395-0;Fernandez Harbor;4591;994
678;14177562-0;Lewis Isle;3711;656
679;17662551-K;Martinez Glens;4281;774
680;14679626-K;Christina Overpass;4453;265
681;11436632-0;Julie Landing;4988;491
682;14252087-K;Carrie Ville;925;357
683;5783979-K;Michelle Land;2819;528
684;20324222-K;Kim Court;359;249
685;7046136-K;Rose Cliffs;2081;561
686;8306730-K;Miranda Flats;2699;827
687;18452030-0;Davis Route;1327;112
688;14195100-K;Ryan Estates;1707;29
689;16874162-0;Ronald Mews;2690;167
690;14322048-0;Nancy Point;3306;455
691;20301324-K;Jean Street;2655;402
692;19208158-0;Day Orchard;3308;737
693;12205629-0;Medina Parks;2480;152
694;5342997-0;Cook Plains;170;352
695;12309104-0;Chandler Mill;582;329
696;19912581-0;Stephanie Mountain;4994;426
697;14455342-K;Lawrence Trail;940;521
698;9301645-0;Angela Path;2119;950
699;8771068-0;Alvarado Knoll;3946;474
700;7550080-K;Thomas Prairie;1739;736
701;20947654-K;Reilly Hills;2796;107
702;19800518-K;Marcus Trace;2193;176
703;14421291-0;Emily Walks;3224;791
704;17361826-K;Perkins Harbor;2427;207
705;9138201-0;Kimberly Village;2240;869
706;8593379-K;Stone Roads;2433;158
707;16911033-K;Jennifer Radial;1749;631
708;17855835-0;Howard Drive;565;916
709;11275937-K;William Brook;1322;208
710;5582699-K;Newton Brooks;4061;453
711;12201063-0;Cherry Mall;3481;100
712;14423182-K;Ramirez Valleys;370;876
713;16453827-K;Jessica Loaf;1540;17
714;7339319-K;Angela Point;562;413
715;9564368-0;Brown Way;421;661
716;11391980-K;Lisa View;2511;706
717;20708986-K;Joshua Highway;207;815
718;17975552-0;Moore Lane;3986;921
719;17267970-0;Mike Route;410;219
720;7110249-0;Ashley Branch;1447;726
721;12260944-K;Brian Mission;1977;311
722;18046608-K;Castro Village;1421;619
723;6085740-K;Adrienne Shoals;1939;177
724;10347723-0;Laura Track;2560;359
725;5642633-K;Navarro Cliffs;4078;733
726;9721269-K;Dorsey Creek;4460;449
727;17743455-K;Smith Port;925;844
728;13155773-0;Kari Pine;4062;43
729;9712545-0;Shannon Overpass;3826;796
730;18804410-0;Mendoza Canyon;198;792
731;16382732-0;Jill Harbor;1923;574
732;12678032-0;Clark Circles;885;686
733;7298570-K;Fletcher Ridge;2627;106
734;5770717-K;Lee Fall;3195;415
735;7086939-0;Fisher Walk;1039;160
736;10540270-K;Brittany Lock;1916;633
737;16366584-0;Estes Oval;3763;206
738;17192649-0;Castillo Rapid;973;10
739;5195225-K;Tyler Streets;294;703
740;14333205-0;Melissa Mews;321;211
741;15413202-0;Bowman Summit;4069;151
742;5644624-K;Ferguson Orchard;1450;588
743;17700936-K;Young Ports;1295;938
744;14517558-K;Frazier Place;286;312
745;17517818-K;Shea Branch;2644;973
746;5046754-0;Bishop Way;3832;251
747;20110765-0;Armstrong Way;2567;362
748;20131061-0;Wright Roads;2592;324
749;11862360-K;Austin Throughway;722;912
750;17411463-K;Hector Dam;3053;755
751;9212589-0;Thomas Lane;2397;488
752;15720026-K;Gardner Street;2688;150
753;13153871-K;Mccarthy Drive;3409;148
754;20635127-K;Wiley Point;1394;284
755;19850910-0;Dawn Ramp;4452;848
756;10917748-0;Heath Shores;1960;53
757;19214828-0;Ayala Glen;440;504
758;20382509-0;Robinson Burgs;1870;95
759;6492619-K;Sarah Terrace;3352;91
760;13850640-K;Jensen Landing;2646;369
761;13198046-K;Michelle Summit;4352;114
762;5823745-0;Howard Shoal;1643;676
763;13221978-K;Danielle Drives;1817;391
764;19152348-0;Neal Village;1276;972
765;7866571-K;Andrea Mount;831;444
766;14523303-0;Campbell Common;2813;987
767;6470629-0;Antonio Glen;3951;48
768;14814039-K;Jonathan Burgs;1629;469
769;16449830-0;Gregory Drive;2287;803
770;17841386-K;Harrington Row;729;511
771;14830112-K;Kara Common;221;851
772;16263222-0;Tamara Island;670;842
773;5492210-0;Stewart Mountain;3433;996
774;16984579-K;Barrett Ranch;3790;394
775;20874801-0;Kimberly Manors;1636;275
776;9502004-K;Stephanie Plains;3558;259
777;14506682-K;Amy Mountains;2137;991
778;20891972-K;Jones Prairie;2183;347
779;5854211-0;Gray Rest;742;904
780;11325277-K;Patrick Highway;3168;201
781;11398512-0;Mindy Common;3698;21
782;13383450-K;Jones Village;62;953
783;9538179-K;Tammy Fork;1905;97
784;13143674-0;Stephanie Points;3580;841
785;10947647-0;Phillip Lane;4189;163
786;20776384-K;Walters Alley;2098;880
787;16055836-0;Malik Street;2563;139
788;6207000-0;Sharon Square;266;843
789;20651832-K;Cynthia Mountains;2754;890
790;14268669-0;Mcdonald Glen;188;681
791;20892903-0;Tucker Keys;494;243
792;11367045-K;Crawford Parks;4267;447
793;9019650-K;Frank Burg;4142;227
794;19824858-K;Nichols Orchard;2865;554
795;19591885-0;Bradley Isle;324;224
796;15083224-0;James Run;4642;578
797;15677548-0;Smith Brooks;4912;717
798;13029702-0;Denise Island;1977;4
799;7921733-K;Michael Inlet;1669;638
800;18602207-K;Andrew Forge;4909;254
801;8075893-K;Garcia Light;367;69
802;9062065-0;Katherine Green;275;861
803;6352272-K;Cindy Terrace;708;61
804;7002150-K;Garcia Union;4239;667
805;16573402-K;Wanda Union;1612;475
806;9291805-K;Ball Mount;370;712
807;5926947-K;Matthew Overpass;2386;917
808;15329749-K;Day Valley;3181;572
809;6344512-K;Stewart Vista;591;692
810;14716006-0;David View;2459;182
811;11842722-0;Erika Plains;2481;354
812;6973881-0;Chad Course;1928;101
813;10767253-0;Mark Union;2515;823
814;17816788-0;Richard Rapid;142;945
815;20152110-K;Orr Isle;4400;687
816;5395729-0;Lamb Terrace;3850;828
817;14284932-K;Vargas Mountain;1911;299
818;5337546-K;Griffin Branch;4929;383
819;5603077-0;Weaver Station;1747;743
820;17950974-K;Williams Loop;4381;385
821;16692328-0;Amanda Route;4204;896
822;19199334-K;Gray Ramp;3321;882
823;11976121-0;Davis Place;2739;250
824;14495041-K;Grace Oval;791;826
825;17194850-K;Jasmine Expressway;4141;458
826;17103059-0;Castillo Stream;2894;769
827;9037382-K;Austin Brook;2228;33
828;12846529-0;Teresa Circles;85;702
829;7843708-K;Garcia Street;546;325
830;6095449-K;Karen Shoal;4588;522
831;13446338-K;Ryan Lake;471;438
832;18373655-0;Dwayne Garden;3126;906
833;12922487-0;Carroll Mission;4702;405
834;19384612-K;Turner Plain;924;266
835;18564245-0;Brittany Vista;2964;564
836;14661398-0;Crystal Avenue;781;216
837;16665546-0;Wells Freeway;1093;274
838;14192995-0;Carter Spring;4319;232
839;14441673-0;Fisher Tunnel;4448;497
840;5559307-K;Burch Lights;4255;200
841;9685116-0;White Extension;1201;752
842;7680598-K;James Spurs;1496;920
843;14314766-0;Ryan Heights;3130;181
844;12391213-K;Hardin Island;2169;382
845;15540026-0;Angela Mews;3036;615
846;7221061-0;Sarah Parkway;1382;437
847;14227684-K;Melissa Plaza;1018;864
848;11345331-K;Anthony Rue;1750;839
849;11047139-0;Paula Light;4482;985
850;7688549-0;Nancy Corners;3322;229
851;5800430-0;Smith Square;1138;527
852;10377246-K;Jordan Curve;1983;735
853;16128000-K;Brittany Walks;284;22
854;15809928-K;Nelson Stravenue;1184;32
855;20858434-0;Jones Station;3292;710
856;8986653-0;Jennifer Springs;2899;608
857;9701529-0;Leonard Cape;3636;470
858;19235291-0;Sarah Shore;2613;23
859;9648550-K;Stevens Light;3623;7
860;6657777-K;Daniel Cape;4797;925
861;13015785-K;Miles Cliff;4718;850
862;15621674-0;David Avenue;3232;664
863;5974048-0;Davis Tunnel;3224;175
864;11840956-0;Rodriguez Neck;2140;175
865;5396413-0;Morris Row;3201;836
866;6657923-K;Lowe Causeway;4495;894
867;6756496-0;Jones Squares;1924;392
868;16352416-0;Henderson Flats;2835;930
869;6276881-0;Lauren Crossroad;1360;86
870;18139251-K;Russell Unions;4903;14
871;6257270-0;Crystal Land;2894;571
872;11939281-0;Burton Cliffs;4106;613
873;16673945-0;Susan Overpass;3579;85
874;11281681-K;Buckley Views;1031;223
875;7931143-K;Austin Shores;4528;859
876;8035312-K;Robert Avenue;549;435
877;12249462-K;Brown Lakes;1433;267
878;15719534-0;Sanders Vista;1011;401
879;20929541-0;Berry Glen;288;87
880;17991106-0;Sharon Loop;546;974
881;6230340-0;Robert Union;2730;161
882;5145696-0;Dylan Branch;4033;801
883;17435916-K;Noah Green;111;60
884;12516768-0;Melanie Trace;680;730
885;12158388-0;Amy Stravenue;4637;215
886;16171735-0;Levine Trail;4219;380
887;10147497-0;Horton Brooks;4959;772
888;6516695-0;Samantha Squares;4547;76
889;5115927-K;Collins Ville;1856;949
890;17597988-0;Catherine Falls;4161;388
891;9042319-0;Hanson Crossroad;4340;766
892;19262211-K;Martinez Fords;250;614
893;12417945-K;Todd Center;691;379
894;12047739-0;Hill Turnpike;4087;156
895;19116128-K;Elizabeth Locks;106;764
896;5939631-0;Edwards Street;578;590
897;18392698-0;Ramirez Alley;3631;128
898;6603243-K;Regina Knoll;822;313
899;16253599-K;Turner Crest;2041;948
900;18871977-0;Davis Ridges;4783;993
